Workbook

Sheet golden
A1: note_id | B1: label_manual | C1: label_klasifikasi
A2: N00003 | B2: C4 | C2: C4
A3: N00006 | B3: C4 | C3: C4
A4: N00008 | B4: C3 | C4: C3
A5: N00018 | B5: C6 | C5: C6
A6: N00039 | B6: C5 | C6: C5
A7: N00050 | B7: C6 | C7: C6
A8: N00061 | B8: C4 | C8: C4
A9: N00084 | B9: C9 | C9: C9
A10: N00093 | B10: C4 | C10: C4
A11: N00102 | B11: C5 | C11: C5
A12: N00121 | B12: C4 | C12: C4
... A270: N02994 | B270: C6 | C270: C6

Sheet pareto
A1: kategori | B1: n_manual | C1: n_klasifikasi | D1: rank_manual | E1: rank_klasifikasi
A2: C1 | B2: =COUNTIF(golden!B2:B270,A2) -> 35 | C2: =COUNTIF(golden!C2:C270,A2) -> 35 | D2: =RANK(B2,B$2:B$10,0) -> 3 | E2: =RANK(C2,C$2:C$10,0) -> 3
A3: C2 | B3: =COUNTIF(golden!B2:B270,A3) -> 23 | C3: =COUNTIF(golden!C2:C270,A3) -> 23 | D3: =RANK(B3,B$2:B$10,0)+COUNTIF(B$2:B2,B3) -> 5 | E3: =RANK(C3,C$2:C$10,0)+COUNTIF(C$2:C2,C3) -> 5
A4: C3 | B4: =COUNTIF(golden!B2:B270,A4) -> 12 | C4: =COUNTIF(golden!C2:C270,A4) -> 11 | D4: =RANK(B4,B$2:B$10,0)+COUNTIF(B$2:B3,B4) -> 7 | E4: =RANK(C4,C$2:C$10,0)+COUNTIF(C$2:C3,C4) -> 7
A5: C4 | B5: =COUNTIF(golden!B2:B270,A5) -> 77 | C5: =COUNTIF(golden!C2:C270,A5) -> 78 | D5: =RANK(B5,B$2:B$10,0)+COUNTIF(B$2:B4,B5) -> 1 | E5: =RANK(C5,C$2:C$10,0)+COUNTIF(C$2:C4,C5) -> 1
A6: C5 | B6: =COUNTIF(golden!B2:B270,A6) -> 61 | C6: =COUNTIF(golden!C2:C270,A6) -> 62 | D6: =RANK(B6,B$2:B$10,0)+COUNTIF(B$2:B5,B6) -> 2 | E6: =RANK(C6,C$2:C$10,0)+COUNTIF(C$2:C5,C6) -> 2
A7: C6 | B7: =COUNTIF(golden!B2:B270,A7) -> 19 | C7: =COUNTIF(golden!C2:C270,A7) -> 19 | D7: =RANK(B7,B$2:B$10,0)+COUNTIF(B$2:B6,B7) -> 6 | E7: =RANK(C7,C$2:C$10,0)+COUNTIF(C$2:C6,C7) -> 6
A8: C7 | B8: =COUNTIF(golden!B2:B270,A8) -> 28 | C8: =COUNTIF(golden!C2:C270,A8) -> 28 | D8: =RANK(B8,B$2:B$10,0)+COUNTIF(B$2:B7,B8) -> 4 | E8: =RANK(C8,C$2:C$10,0)+COUNTIF(C$2:C7,C8) -> 4
A9: C8 | B9: =COUNTIF(golden!B2:B270,A9) -> 10 | C9: =COUNTIF(golden!C2:C270,A9) -> 9 | D9: =RANK(B9,B$2:B$10,0)+COUNTIF(B$2:B8,B9) -> 8 | E9: =RANK(C9,C$2:C$10,0)+COUNTIF(C$2:C8,C9) -> 8
A10: C9 | B10: =COUNTIF(golden!B2:B270,A10) -> 4 | C10: =COUNTIF(golden!C2:C270,A10) -> 4 | D10: =RANK(B10,B$2:B$10,0)+COUNTIF(B$2:B9,B10) -> 9 | E10: =RANK(C10,C$2:C$10,0)+COUNTIF(C$2:C9,C10) -> 9
